PassengerId,Survived,Pclass,Name,Sex,Age,SibSp,Parch,Ticket,Fare,Cabin,Embarked,id
562,0,3,"Sivic, Mr. Husein",male,40,0,0,349251,7.8958,,S,266
277,0,3,"Lindblom, Miss. Augusta Charlotta",female,45,0,0,347073,7.75,,S,32
113,0,3,"Barton, Mr. David John",male,22,0,0,324669,8.05,,S,504
375,0,3,"Palsson, Miss. Stina Viola",female,3,3,1,349909,21.075,,S,467
813,0,2,"Slemen, Mr. Richard James",male,35,0,0,28206,10.5,,S,177
756,1,2,"Hamalainen, Master. Viljo",male,0.67,1,1,250649,14.5,,S,213
221,1,3,"Sunderland, Mr. Victor Francis",male,16,0,0,SOTON/OQ 392089,8.05,,S,413
429,0,3,"Flynn, Mr. James",male,,0,0,364851,7.75,,Q,236
549,0,3,"Goldsmith, Mr. Frank John",male,33,1,1,363291,20.525,,S,438
512,0,3,"Webber, Mr. James",male,,0,0,SOTON/OQ 3101316,8.05,,S,384
152,1,1,"Pears, Mrs. Thomas (Edith Wearne)",female,22,1,0,113776,66.6,C2,S,618
873,0,1,"Carlsson, Mr. Frans Olof",male,33,0,0,695,5,B51 B53 B55,S,496
179,0,2,"Hale, Mr. Reginald",male,30,0,0,250653,13,,S,513
783,0,1,"Long, Mr. Milton Clyde",male,29,0,0,113501,30,D6,S,652
52,0,3,"Nosworthy, Mr. Richard Cater",male,21,0,0,A/4. 39886,7.8,,S,318
860,0,3,"Razi, Mr. Raihed",male,,0,0,2629,7.2292,,C,412
225,1,1,"Hoyt, Mr. Frederick Maxfield",male,38,1,0,19943,90,C93,S,572
168,0,3,"Skoog, Mrs. William (Anna Bernhardina Karlsson)",female,45,1,4,347088,27.9,,S,156
724,0,2,"Hodges, Mr. Henry Price",male,50,0,0,250643,13,,S,286
62,1,1,"Icard, Miss. Amelie",female,38,0,0,113572,80,B28,,27
469,0,3,"Scanlan, Mr. James",male,,0,0,36209,7.725,,Q,485
169,0,1,"Baumann, Mr. John D",male,,0,0,PC 17318,25.925,,S,662
486,0,3,"Lefebre, Miss. Jeannie",female,,3,1,4133,25.4667,,S,148
149,0,2,"Navratil, Mr. Michel (""""""""Louis M Hoffman"""""""")",male,36.5,0,2,230080,26,F2,S,456
326,1,1,"Young, Miss. Marie Grice",female,36,0,0,PC 17760,135.6333,C32,C,636
575,0,3,"Rush, Mr. Alfred George John",male,16,0,0,A/4. 20589,8.05,,S,547
651,0,3,"Mitkoff, Mr. Mito",male,,0,0,349221,7.8958,,S,49
872,1,1,"Beckwith, Mrs. Richard Leonard (Sallie Monypeny)",female,47,1,1,11751,52.5542,D35,S,267
216,1,1,"Newell, Miss. Madeleine",female,31,1,0,35273,113.275,D36,C,279
701,1,1,"Astor, Mrs. John Jacob (Madeleine Talmadge Force)",female,18,1,0,PC 17757,227.525,C62 C64,C,451
452,0,3,"Hagland, Mr. Ingvald Olai Olsen",male,,1,0,65303,19.9667,,S,289
643,0,3,"Skoog, Miss. Margit Elizabeth",female,2,3,2,347088,27.9,,S,219
424,0,3,"Danbom, Mrs. Ernst Gilbert (Anna Sigrid Maria Brogren)",female,28,1,1,347080,14.4,,S,135
115,0,3,"Attalah, Miss. Malake",female,17,0,0,2627,14.4583,,C,111
261,0,3,"Smith, Mr. Thomas",male,,0,0,384461,7.75,,Q,355
533,0,3,"Elias, Mr. Joseph Jr",male,17,1,1,2690,7.2292,,C,619
511,1,3,"Daly, Mr. Eugene Patrick",male,29,0,0,382651,7.75,,Q,140
626,0,1,"Sutton, Mr. Frederick",male,61,0,0,36963,32.3208,D50,S,550
818,0,2,"Mallet, Mr. Albert",male,31,1,1,S.C./PARIS 2079,37.0042,,C,14
579,0,3,"Caram, Mrs. Joseph (Maria Elias)",female,,1,0,2689,14.4583,,C,623
728,1,3,"Mannion, Miss. Margareth",female,,0,0,36866,7.7375,,Q,293
242,1,3,"Murphy, Miss. Katherine """"""""Kate""""""""",female,,1,0,367230,15.5,,Q,297
58,0,3,"Novel, Mr. Mansouer",male,28.5,0,0,2697,7.2292,,C,510
323,1,2,"Slayter, Miss. Hilda Mary",female,30,0,0,234818,12.35,,Q,223
659,0,2,"Eitemiller, Mr. George Floyd",male,23,0,0,29751,13,,S,264
282,0,3,"Olsson, Mr. Nils Johan Goransson",male,28,0,0,347464,7.8542,,S,695
771,0,3,"Lievens, Mr. Rene Aime",male,24,0,0,345781,9.5,,S,48
544,1,2,"Beane, Mr. Edward",male,32,1,0,2908,26,,S,608
786,0,3,"Harmer, Mr. Abraham (David Lishin)",male,25,0,0,374887,7.25,,S,700
769,0,3,"Moran, Mr. Daniel J",male,,1,0,371110,24.15,,Q,72
571,1,2,"Harris, Mr. George",male,62,0,0,S.W./PP 752,10.5,,S,53
753,0,3,"Vande Velde, Mr. Johannes Joseph",male,33,0,0,345780,9.5,,S,287
135,0,2,"Sobey, Mr. Samuel James Hayden",male,25,0,0,C.A. 29178,13,,S,449
825,0,3,"Panula, Master. Urho Abraham",male,2,4,1,3101295,39.6875,,S,484
883,0,3,"Dahlberg, Miss. Gerda Ulrika",female,22,0,0,7552,10.5167,,S,298
711,1,1,"Mayne, Mlle. Berthe Antonine (""""""""Mrs de Villiers"""""""")",female,24,0,0,PC 17482,49.5042,C90,C,515
722,0,3,"Jensen, Mr. Svend Lauritz",male,17,1,0,350048,7.0542,,S,446
700,0,3,"Humblen, Mr. Adolf Mathias Nicolai Olsen",male,42,0,0,348121,7.65,F G63,S,340
126,1,3,"Nicola-Yarred, Master. Elias",male,12,1,0,2651,11.2417,,C,452
470,1,3,"Baclini, Miss. Helene Barbara",female,0.75,2,1,2666,19.2583,,C,385
876,1,3,"Najib, Miss. Adele Kiamie """"""""Jane""""""""",female,15,0,0,2667,7.225,,C,532
154,0,3,"van Billiard, Mr. Austin Blyler",male,40.5,0,2,A/5. 851,14.5,,S,528
147,1,3,"Andersson, Mr. August Edvard (""""""""Wennerstrom"""""""")",male,27,0,0,350043,7.7958,,S,397
37,1,3,"Mamee, Mr. Hanna",male,,0,0,2677,7.2292,,C,645
851,0,3,"Andersson, Master. Sigvard Harald Elias",male,4,4,2,347082,31.275,,S,687
467,0,2,"Campbell, Mr. William",male,,0,0,239853,0,,S,463
644,1,3,"Foo, Mr. Choong",male,,0,0,1601,56.4958,,S,13
480,1,3,"Hirvonen, Miss. Hildur E",female,2,0,1,3101298,12.2875,,S,197
584,0,1,"Ross, Mr. John Hugo",male,36,0,0,13049,40.125,A10,C,569
65,0,1,"Stewart, Mr. Albert A",male,,0,0,PC 17605,27.7208,,C,606
111,0,1,"Porter, Mr. Walter Chamberlain",male,47,0,0,110465,52,C110,S,151
36,0,1,"Holverson, Mr. Alexander Oskar",male,42,1,0,113789,52,,S,601
92,0,3,"Andreasson, Mr. Paul Edvin",male,20,0,0,347466,7.8542,,S,363
484,1,3,"Turkula, Mrs. (Hedwig)",female,63,0,0,4134,9.5875,,S,539
1,0,3,"Braund, Mr. Owen Harris",male,22,1,0,A/5 21171,7.25,,S,524
671,1,2,"Brown, Mrs. Thomas William Solomon (Elizabeth Catherine Ford)",female,40,1,1,29750,39,,S,179
365,0,3,"O'Brien, Mr. Thomas",male,,1,0,370365,15.5,,Q,31
710,1,3,"Moubarek, Master. Halim Gonios (""""""""William George"""""""")",male,,1,1,2661,15.2458,,C,143
241,0,3,"Zabour, Miss. Thamine",female,,1,0,2665,14.4542,,C,427
476,0,1,"Clifford, Mr. George Quincy",male,,0,0,110465,52,A14,S,665
204,0,3,"Youseff, Mr. Gerious",male,45.5,0,0,2628,7.225,,C,434
717,1,1,"Endres, Miss. Caroline Louise",female,38,0,0,PC 17757,227.525,C45,C,490
821,1,1,"Hays, Mrs. Charles Melville (Clara Jennings Gregg)",female,52,1,1,12749,93.5,B69,S,489
848,0,3,"Markoff, Mr. Marin",male,35,0,0,349213,7.8958,,C,677
518,0,3,"Ryan, Mr. Patrick",male,,0,0,371110,24.15,,Q,7
805,1,3,"Hedman, Mr. Oskar Arvid",male,27,0,0,347089,6.975,,S,598
191,1,2,"Pinsky, Mrs. (Rosa)",female,32,0,0,234604,13,,S,203
415,1,3,"Sundman, Mr. Johan Julian",male,44,0,0,STON/O 2. 3101269,7.925,,S,268
795,0,3,"Dantcheff, Mr. Ristiu",male,25,0,0,349203,7.8958,,S,84
623,1,3,"Nakid, Mr. Sahid",male,20,1,1,2653,15.7417,,C,12
836,1,1,"Compton, Miss. Sara Rebecca",female,39,1,1,PC 17756,83.1583,E49,C,409
398,0,2,"McKane, Mr. Peter David",male,46,0,0,28403,26,,S,644
256,1,3,"Touma, Mrs. Darwis (Hanne Youssef Razi)",female,29,0,2,2650,15.2458,,C,444
692,1,3,"Karun, Miss. Manca",female,4,0,1,349256,13.4167,,C,114
26,1,3,"Asplund, Mrs. Carl Oscar (Selma Augusta Emilia Johansson)",female,38,1,5,347077,31.3875,,S,149
57,1,2,"Rugg, Miss. Emily",female,21,0,0,C.A. 31026,10.5,,S,517
268,1,3,"Persson, Mr. Ernst Ulrik",male,25,1,0,347083,7.775,,S,238
235,0,2,"Leyson, Mr. Robert William Norman",male,24,0,0,C.A. 29566,10.5,,S,144
646,1,1,"Harper, Mr. Henry Sleeper",male,48,1,0,PC 17572,76.7292,D33,C,43
18,1,2,"Williams, Mr. Charles Eugene",male,,0,0,244373,13,,S,39
39,0,3,"Vander Planke, Miss. Augusta Maria",female,18,2,0,345764,18,,S,77
400,1,2,"Trout, Mrs. William H (Jessie L)",female,28,0,0,240929,12.65,,S,15
284,1,3,"Dorking, Mr. Edward Arthur",male,19,0,0,A/5. 10482,8.05,,S,240
11,1,3,"Sandstrom, Miss. Marguerite Rut",female,4,1,1,PP 9549,16.7,G6,S,638
308,1,1,"Penasco y Castellana, Mrs. Victor de Satode (Maria Josefa Perez de Soto y Vallejo)",female,17,1,0,PC 17758,108.9,C65,C,437
603,0,1,"Harrington, Mr. Charles H",male,,0,0,113796,42.4,,S,207
91,0,3,"Christmann, Mr. Emil",male,29,0,0,343276,8.05,,S,50
186,0,1,"Rood, Mr. Hugh Roscoe",male,,0,0,113767,50,A32,S,23
378,0,1,"Widener, Mr. Harry Elkins",male,27,0,2,113503,211.5,C82,C,709
164,0,3,"Calic, Mr. Jovo",male,17,0,0,315093,8.6625,,S,641
109,0,3,"Rekic, Mr. Tido",male,38,0,0,349249,7.8958,,S,89
574,1,3,"Kelly, Miss. Mary",female,,0,0,14312,7.75,,Q,24
648,1,1,"Simonius-Blumer, Col. Oberst Alfons",male,56,0,0,13213,35.5,A26,C,655
660,0,1,"Newell, Mr. Arthur Webster",male,58,0,2,35273,113.275,D48,C,533
639,0,3,"Panula, Mrs. Juha (Maria Emilia Ojala)",female,41,0,5,3101295,39.6875,,S,521
483,0,3,"Rouse, Mr. Richard Henry",male,50,0,0,A/5 3594,8.05,,S,587
346,1,2,"Brown, Miss. Amelia """"""""Mildred""""""""",female,24,0,0,248733,13,F33,S,525
124,1,2,"Webber, Miss. Susan",female,32.5,0,0,27267,13,E101,S,304
751,1,2,"Wells, Miss. Joan",female,4,1,1,29103,23,,S,199
738,1,1,"Lesurer, Mr. Gustave J",male,35,0,0,PC 17755,512.3292,B101,C,364
733,0,2,"Knight, Mr. Robert J",male,,0,0,239855,0,,S,705
628,1,1,"Longley, Miss. Gretchen Fiske",female,21,0,0,13502,77.9583,D9,S,83
61,0,3,"Sirayanian, Mr. Orsen",male,22,0,0,2669,7.2292,,C,47
38,0,3,"Cann, Mr. Ernest Charles",male,21,0,0,A./5. 2152,8.05,,S,325
754,0,3,"Jonkoff, Mr. Lalio",male,23,0,0,349204,7.8958,,S,154
226,0,3,"Berglund, Mr. Karl Ivar Sven",male,22,0,0,PP 4348,9.35,,S,476
387,0,3,"Goodwin, Master. Sidney Leonard",male,1,5,2,CA 2144,46.9,,S,320
370,1,1,"Aubart, Mme. Leontine Pauline",female,24,0,0,PC 17477,69.3,B35,C,278
865,0,2,"Gill, Mr. John William",male,24,0,0,233866,13,,S,388
616,1,2,"Herman, Miss. Alice",female,24,1,2,220845,65,,S,54
721,1,2,"Harper, Miss. Annie Jessie """"""""Nina""""""""",female,6,0,1,248727,33,,S,379
10,1,2,"Nasser, Mrs. Nicholas (Adele Achem)",female,14,1,0,237736,30.0708,,C,215
253,0,1,"Stead, Mr. William Thomas",male,62,0,0,113514,26.55,C87,S,635
362,0,2,"del Carlo, Mr. Sebastiano",male,29,1,0,SC/PARIS 2167,27.7208,,C,173
300,1,1,"Baxter, Mrs. James (Helene DeLaudeniere Chaput)",female,50,0,1,PC 17558,247.5208,B58 B60,C,324
123,0,2,"Nasser, Mr. Nicholas",male,32.5,1,0,237736,30.0708,,C,585
599,0,3,"Boulos, Mr. Hanna",male,,0,0,2664,7.225,,C,275
162,1,2,"Watt, Mrs. James (Elizabeth """"""""Bessie"""""""" Inglis Milne)",female,40,0,0,C.A. 33595,15.75,,S,538
468,0,1,"Smart, Mr. John Montgomery",male,56,0,0,113792,26.55,,S,270
96,0,3,"Shorney, Mr. Charles Joseph",male,,0,0,374910,8.05,,S,389
764,1,1,"Carter, Mrs. William Ernest (Lucile Polk)",female,36,1,2,113760,120,B96 B98,S,535
408,1,2,"Richards, Master. William Rowe",male,3,1,1,29106,18.75,,S,157
274,0,1,"Natsch, Mr. Charles H",male,37,0,1,PC 17596,29.7,C118,C,541
412,0,3,"Hart, Mr. Henry",male,,0,0,394140,6.8583,,Q,637
95,0,3,"Coxon, Mr. Daniel",male,59,0,0,364500,7.25,,S,498
192,0,2,"Carbines, Mr. William",male,19,0,0,28424,13,,S,95
541,1,1,"Crosby, Miss. Harriet R",female,36,0,2,WE/P 5735,71,B22,S,712
368,1,3,"Moussa, Mrs. (Mantoura Boulos)",female,,0,0,2626,7.2292,,C,369
34,0,2,"Wheadon, Mr. Edward H",male,66,0,0,C.A. 24579,10.5,,S,20
301,1,3,"Kelly, Miss. Anna Katherine """"""""Annie Kate""""""""",female,,0,0,9234,7.75,,Q,246
9,1,3,"Johnson, Mrs. Oscar W (Elisabeth Vilhelmina Berg)",female,27,0,2,347742,11.1333,,S,85
493,0,1,"Molson, Mr. Harry Markland",male,55,0,0,113787,30.5,C30,S,258
454,1,1,"Goldenberg, Mr. Samuel L",male,49,1,0,17453,89.1042,C92,C,347
250,0,2,"Carter, Rev. Ernest Courtenay",male,54,1,0,244252,26,,S,696
568,0,3,"Palsson, Mrs. Nils (Alma Cornelia Berglund)",female,29,0,4,349909,21.075,,S,57
417,1,2,"Drew, Mrs. James Vivian (Lulu Thorne Christian)",female,34,1,1,28220,32.5,,S,127
201,0,3,"Vande Walle, Mr. Nestor Cyriel",male,28,0,0,345770,9.5,,S,309
385,0,3,"Plotcharsky, Mr. Vasil",male,,0,0,349227,7.8958,,S,428
494,0,1,"Artagaveytia, Mr. Ramon",male,71,0,0,PC 17609,49.5042,,C,566
453,0,1,"Foreman, Mr. Benjamin Laventall",male,30,0,0,113051,27.75,C111,C,488
20,1,3,"Masselmani, Mrs. Fatima",female,,0,0,2649,7.225,,C,559
297,0,3,"Hanna, Mr. Mansour",male,23.5,0,0,2693,7.2292,,C,381
509,0,3,"Olsen, Mr. Henry Margido",male,28,0,0,C 4001,22.525,,S,477
614,0,3,"Horgan, Mr. John",male,,0,0,370377,7.75,,Q,308
213,0,3,"Perkin, Mr. John Henry",male,22,0,0,A/5 21174,7.25,,S,167
523,0,3,"Lahoud, Mr. Sarkis",male,,0,0,2624,7.225,,C,648
708,1,1,"Calderhead, Mr. Edward Pennington",male,42,0,0,PC 17476,26.2875,E24,S,161
784,0,3,"Johnston, Mr. Andrew G",male,,1,2,W./C. 6607,23.45,,S,493
707,1,2,"Kelly, Mrs. Florence """"""""Fannie""""""""",female,45,0,0,223596,13.5,,S,605
384,1,1,"Holverson, Mrs. Alexander Oskar (Mary Aline Towner)",female,35,1,0,113789,52,,S,589
413,1,1,"Minahan, Miss. Daisy E",female,33,1,0,19928,90,C78,Q,370
759,0,3,"Theobald, Mr. Thomas Leonard",male,34,0,0,363294,8.05,,S,699
401,1,3,"Niskanen, Mr. Juha",male,39,0,0,STON/O 2. 3101289,7.925,,S,272
214,0,2,"Givard, Mr. Hans Kristensen",male,30,0,0,250646,13,,S,401
103,0,1,"White, Mr. Richard Frasar",male,21,0,1,35281,77.2875,D26,S,491
652,1,2,"Doling, Miss. Elsie",female,18,0,1,231919,23,,S,531
392,1,3,"Jansson, Mr. Carl Olof",male,21,0,0,350034,7.7958,,S,411
617,0,3,"Danbom, Mr. Ernst Gilbert",male,34,1,1,347080,14.4,,S,439
748,1,2,"Sinkkonen, Miss. Anna",female,30,0,0,250648,13,,S,502
573,1,1,"Flynn, Mr. John Irwin (""""""""Irving"""""""")",male,36,0,0,PC 17474,26.3875,E25,S,358
558,0,1,"Robbins, Mr. Victor",male,,0,0,PC 17757,227.525,,C,483
536,1,2,"Hart, Miss. Eva Miriam",female,7,0,2,F.C.C. 13529,26.25,,S,405
890,1,1,"Behr, Mr. Karl Howell",male,26,0,0,111369,30,C148,C,561
187,1,3,"O'Brien, Mrs. Thomas (Johanna """"""""Hannah"""""""" Godfrey)",female,,1,0,370365,15.5,,Q,133
144,0,3,"Burke, Mr. Jeremiah",male,19,0,0,365222,6.75,,Q,190
222,0,2,"Bracken, Mr. James H",male,27,0,0,220367,13,,S,5
423,0,3,"Zimmerman, Mr. Leo",male,29,0,0,315082,7.875,,S,124
656,0,2,"Hickman, Mr. Leonard Mark",male,24,2,0,S.O.C. 14879,73.5,,S,56
884,0,2,"Banfield, Mr. Frederick James",male,28,0,0,C.A./SOTON 34068,10.5,,S,321
30,0,3,"Todoroff, Mr. Lalio",male,,0,0,349216,7.8958,,S,108
441,1,2,"Hart, Mrs. Benjamin (Esther Ada Bloomfield)",female,45,1,1,F.C.C. 13529,26.25,,S,113
550,1,2,"Davies, Master. John Morgan Jr",male,8,1,1,C.A. 33112,36.75,,S,9
492,0,3,"Windelov, Mr. Einar",male,21,0,0,SOTON/OQ 3101317,7.25,,S,171
318,0,2,"Moraweck, Dr. Ernest",male,54,0,0,29011,14,,S,676
245,0,3,"Attalah, Mr. Sleiman",male,30,0,0,2694,7.225,,C,474
217,1,3,"Honkanen, Miss. Eliina",female,27,0,0,STON/O2. 3101283,7.925,,S,217
478,0,3,"Braund, Mr. Lewis Richard",male,29,1,0,3460,7.0458,,S,357
729,0,2,"Bryhl, Mr. Kurt Arnold Gottfrid",male,25,1,0,236853,26,,S,464
64,0,3,"Skoog, Master. Harald",male,4,3,2,347088,27.9,,S,107
182,0,2,"Pernot, Mr. Rene",male,,0,0,SC/PARIS 2131,15.05,,C,237
2,1,1,"Cumings, Mrs. John Bradley (Florence Briggs Thayer)",female,38,1,0,PC 17599,71.2833,C85,C,311
425,0,3,"Rosblom, Mr. Viktor Richard",male,18,1,1,370129,20.2125,,S,288
206,0,3,"Strom, Miss. Telma Matilda",female,2,0,1,347054,10.4625,G6,S,142
762,0,3,"Nirva, Mr. Iisakki Antino Aijo",male,41,0,0,SOTON/O2 3101272,7.125,,S,116
809,0,2,"Meyer, Mr. August",male,39,0,0,248723,13,,S,500
76,0,3,"Moen, Mr. Sigurd Hansen",male,25,0,0,348123,7.65,F G73,S,643
875,1,2,"Abelson, Mrs. Samuel (Hannah Wizosky)",female,28,1,0,P/PP 3381,24,,C,656
396,0,3,"Johansson, Mr. Erik",male,22,0,0,350052,7.7958,,S,118
460,0,3,"O'Connor, Mr. Maurice",male,,0,0,371060,7.75,,Q,390
72,0,3,"Goodwin, Miss. Lillian Amy",female,16,5,2,CA 2144,46.9,,S,616
68,0,3,"Crease, Mr. Ernest James",male,19,0,0,S.P. 3464,8.1583,,S,206
294,0,3,"Haas, Miss. Aloisia",female,24,0,0,349236,8.85,,S,706
552,0,2,"Sharp, Mr. Percival James R",male,27,0,0,244358,26,,S,625
598,0,3,"Johnson, Mr. Alfred",male,49,0,0,LINE,0,,S,563
295,0,3,"Mineff, Mr. Ivan",male,24,0,0,349233,7.8958,,S,8
298,0,1,"Allison, Miss. Helen Loraine",female,2,1,2,113781,151.55,C22 C26,S,586
352,0,1,"Williams-Lambert, Mr. Fletcher Fellows",male,,0,0,113510,35,C128,S,159
278,0,2,"Parkes, Mr. Francis """"""""Frank""""""""",male,,0,0,239853,0,,S,265
150,0,2,"Byles, Rev. Thomas Roussel Davids",male,42,0,0,244310,13,,S,472
328,1,2,"Ball, Mrs. (Ada E Hall)",female,36,0,0,28551,13,D,S,564
702,1,1,"Silverthorne, Mr. Spencer Victor",male,35,0,0,PC 17475,26.2875,E24,S,141
557,1,1,"Duff Gordon, Lady. (Lucille Christiana Sutherland) (""""""""Mrs Morgan"""""""")",female,48,1,0,11755,39.6,A16,C,242
132,0,3,"Coelho, Mr. Domingos Fernandeo",male,20,0,0,SOTON/O.Q. 3101307,7.05,,S,592
112,0,3,"Zabour, Miss. Hileni",female,14.5,1,0,2665,14.4542,,C,581
334,0,3,"Vander Planke, Mr. Leo Edmondus",male,16,2,0,345764,18,,S,214
526,0,3,"Farrell, Mr. James",male,40.5,0,0,367232,7.75,,Q,91
174,0,3,"Sivola, Mr. Antti Wilhelm",male,21,0,0,STON/O 2. 3101280,7.925,,S,460
193,1,3,"Andersen-Jensen, Miss. Carla Christine Nielsine",female,19,1,0,350046,7.8542,,S,71
390,1,2,"Lehmann, Miss. Bertha",female,17,0,0,SC 1748,12,,C,378
117,0,3,"Connors, Mr. Patrick",male,70.5,0,0,370369,7.75,,Q,393
107,1,3,"Salkjelsvik, Miss. Anna Kristine",female,21,0,0,343120,7.65,,S,514
458,1,1,"Kenyon, Mrs. Frederick R (Marion)",female,,1,0,17464,51.8625,D21,S,153
158,0,3,"Corn, Mr. Harry",male,30,0,0,SOTON/OQ 392090,8.05,,S,557
181,0,3,"Sage, Miss. Constance Gladys",female,,8,2,CA. 2343,69.55,,S,250
185,1,3,"Kink-Heilmann, Miss. Luise Gretchen",female,4,0,2,315153,22.025,,S,98
634,0,1,"Parr, Mr. William Henry Marsh",male,,0,0,112052,0,,S,312
281,0,3,"Duane, Mr. Frank",male,65,0,0,336439,7.75,,Q,132
637,0,3,"Leinonen, Mr. Antti Gustaf",male,32,0,0,STON/O 2. 3101292,7.925,,S,195
597,1,2,"Leitch, Miss. Jessie Wills",female,,0,0,248727,33,,S,650
176,0,3,"Klasen, Mr. Klas Albin",male,18,1,1,350404,7.8542,,S,534
474,1,2,"Jerwan, Mrs. Amin S (Marie Marthe Thuillard)",female,23,0,0,SC/AH Basle 541,13.7917,D,C,120
680,1,1,"Cardeza, Mr. Thomas Drake Martinez",male,36,0,1,PC 17755,512.3292,B51 B53 B55,C,404
678,1,3,"Turja, Miss. Anna Sofia",female,18,0,0,4138,9.8417,,S,104
345,0,2,"Fox, Mr. Stanley Hubert",male,36,0,0,229236,13,,S,88
776,0,3,"Myhrman, Mr. Pehr Fabian Oliver Malkolm",male,18,0,0,347078,7.75,,S,11
755,1,2,"Herman, Mrs. Samuel (Jane Laver)",female,48,1,2,220845,65,,S,218
355,0,3,"Yousif, Mr. Wazli",male,,0,0,2647,7.225,,C,139
305,0,3,"Williams, Mr. Howard Hugh """"""""Harry""""""""",male,,0,0,A/5 2466,8.05,,S,469
448,1,1,"Seward, Mr. Frederic Kimber",male,34,0,0,113794,26.55,,S,512
496,0,3,"Yousseff, Mr. Gerious",male,,0,0,2627,14.4583,,C,131
19,0,3,"Vander Planke, Mrs. Julius (Emelia Maria Vandemoortele)",female,31,1,0,345763,18,,S,102
746,0,1,"Crosby, Capt. Edward Gifford",male,70,1,1,WE/P 5735,71,B22,S,226
633,1,1,"Stahelin-Maeglin, Dr. Max",male,32,0,0,13214,30.5,B50,C,470
684,0,3,"Goodwin, Mr. Charles Edward",male,14,5,2,CA 2144,46.9,,S,659
720,0,3,"Johnson, Mr. Malkolm Joackim",male,33,0,0,347062,7.775,,S,176
342,1,1,"Fortune, Miss. Alice Elizabeth",female,24,3,2,19950,263,C23 C25 C27,S,661
491,0,3,"Hagland, Mr. Konrad Mathias Reiersen",male,,1,0,65304,19.9667,,S,435
881,1,2,"Shelley, Mrs. William (Imanita Parrish Hall)",female,25,0,1,230433,26,,S,354
600,1,1,"Duff Gordon, Sir. Cosmo Edmund (""""""""Mr Morgan"""""""")",male,49,1,0,PC 17485,56.9292,A20,C,686
566,0,3,"Davies, Mr. Alfred J",male,24,2,0,A/4 48871,24.15,,S,105
816,0,1,"Fry, Mr. Richard",male,,0,0,112058,0,B102,S,478
393,0,3,"Gustafsson, Mr. Johan Birger",male,28,2,0,3101277,7.925,,S,313
663,0,1,"Colley, Mr. Edward Pomeroy",male,47,0,0,5727,25.5875,E58,S,269
621,0,3,"Yasbeck, Mr. Antoni",male,27,1,0,2659,14.4542,,C,126
411,0,3,"Sdycoff, Mr. Todor",male,,0,0,349222,7.8958,,S,594
405,0,3,"Oreskovic, Miss. Marija",female,20,0,0,315096,8.6625,,S,402
801,0,2,"Ponesell, Mr. Martin",male,34,0,0,250647,13,,S,25
276,1,1,"Andrews, Miss. Kornelia Theodosia",female,63,1,0,13502,77.9583,D7,S,296
208,1,3,"Albimona, Mr. Nassef Cassem",male,26,0,0,2699,18.7875,,C,565
120,0,3,"Andersson, Miss. Ellis Anna Maria",female,2,4,2,347082,31.275,,S,334
885,0,3,"Sutehall, Mr. Henry Jr",male,25,0,0,SOTON/OQ 392076,7.05,,S,16
48,1,3,"O'Driscoll, Miss. Bridget",female,,0,0,14311,7.75,,Q,285
188,1,1,"Romaine, Mr. Charles Hallace (""""""""Mr C Rolmane"""""""")",male,45,0,0,111428,26.55,,S,424
546,0,1,"Nicholson, Mr. Arthur Ernest",male,64,0,0,693,26,,S,701
880,1,1,"Potter, Mrs. Thomas Jr (Lily Alexenia Wilson)",female,56,0,1,11767,83.1583,C50,C,426
734,0,2,"Berriman, Mr. William John",male,23,0,0,28425,13,,S,630
105,0,3,"Gustafsson, Mr. Anders Vilhelm",male,37,2,0,3101276,7.925,,S,407
437,0,3,"Ford, Miss. Doolina Margaret """"""""Daisy""""""""",female,21,2,2,W./C. 6608,34.375,,S,262
577,1,2,"Garside, Miss. Ethel",female,34,0,0,243880,13,,S,481
696,0,2,"Chapman, Mr. Charles Henry",male,52,0,0,248731,13.5,,S,38
548,1,2,"Padro y Manent, Mr. Julian",male,,0,0,SC/PARIS 2146,13.8625,,C,79
521,1,1,"Perreault, Miss. Anne",female,30,0,0,12749,93.5,B73,S,666
524,1,1,"Hippach, Mrs. Louis Albert (Ida Sophia Fischer)",female,44,0,1,111361,57.9792,B18,C,552
585,0,3,"Paulner, Mr. Uscher",male,,0,0,3411,8.7125,,C,4
140,0,1,"Giglio, Mr. Victor",male,24,0,0,PC 17593,79.2,B86,C,34
363,0,3,"Barbara, Mrs. (Catherine David)",female,45,0,1,2691,14.4542,,C,128
173,1,3,"Johnson, Miss. Eleanor Ileen",female,1,1,1,347742,11.1333,,S,479
195,1,1,"Brown, Mrs. James Joseph (Margaret Tobin)",female,44,0,0,PC 17610,27.7208,B4,C,299
777,0,3,"Tobin, Mr. Roger",male,,0,0,383121,7.75,F38,Q,698
358,0,2,"Funk, Miss. Annie Clemmer",female,38,0,0,237671,13,,S,529
735,0,2,"Troupiansky, Mr. Moses Aaron",male,23,0,0,233639,13,,S,164
275,1,3,"Healy, Miss. Hanora """"""""Nora""""""""",female,,0,0,370375,7.75,,Q,417
231,1,1,"Harris, Mrs. Henry Birkhardt (Irene Wallach)",female,35,1,0,36973,83.475,C83,S,694
828,1,2,"Mallet, Master. Andre",male,1,0,2,S.C./PARIS 2079,37.0042,,C,373
227,1,2,"Mellors, Mr. William John",male,19,0,0,SW/PP 751,10.5,,S,134
230,0,3,"Lefebre, Miss. Mathilde",female,,3,1,4133,25.4667,,S,193
31,0,1,"Uruchurtu, Don. Manuel E",male,40,0,0,PC 17601,27.7208,,C,169
129,1,3,"Peter, Miss. Anna",female,,1,1,2668,22.3583,F E69,C,653
364,0,3,"Asim, Mr. Adola",male,35,0,0,SOTON/O.Q. 3101310,7.05,,S,136
198,0,3,"Olsen, Mr. Karl Siegwart Andreas",male,42,0,1,4579,8.4042,,S,46
715,0,2,"Greenberg, Mr. Samuel",male,52,0,0,250647,13,,S,679
69,1,3,"Andersson, Miss. Erna Alexandra",female,17,4,2,3101281,7.925,,S,654
811,0,3,"Alexander, Mr. William",male,26,0,0,3474,7.8875,,S,499
768,0,3,"Mangan, Miss. Mary",female,30.5,0,0,364850,7.75,,Q,86
572,1,1,"Appleton, Mrs. Edward Dale (Charlotte Lamson)",female,53,2,0,11769,51.4792,C101,S,93
517,1,2,"Lemore, Mrs. (Amelia Milley)",female,34,0,0,C.A. 34260,10.5,F33,S,229
545,0,1,"Douglas, Mr. Walter Donald",male,50,1,0,PC 17761,106.425,C86,C,675
605,1,1,"Homer, Mr. Harry (""""""""Mr E Haven"""""""")",male,35,0,0,111426,26.55,,C,257
237,0,2,"Hold, Mr. Stephen",male,44,1,0,26707,26,,S,466
556,0,1,"Wright, Mr. George",male,62,0,0,113807,26.55,,S,81
332,0,1,"Partner, Mr. Austen",male,45.5,0,0,113043,28.5,C124,S,1
862,0,2,"Giles, Mr. Frederick Edward",male,21,1,0,28134,11.5,,S,341
535,0,3,"Cacic, Miss. Marija",female,30,0,0,315084,8.6625,,S,540
629,0,3,"Bostandyeff, Mr. Guentcho",male,26,0,0,349224,7.8958,,S,82
127,0,3,"McMahon, Mr. Martin",male,,0,0,370372,7.75,,Q,392
339,1,3,"Dahl, Mr. Karl Edwart",male,45,0,0,7598,8.05,,S,425
867,1,2,"Duran y More, Miss. Asuncion",female,27,1,0,SC/PARIS 2149,13.8583,,C,667
782,1,1,"Dick, Mrs. Albert Adrian (Vera Gillespie)",female,17,1,0,17474,57,B20,S,36
581,1,2,"Christy, Miss. Julie Rachel",female,25,1,1,237789,30,,S,631
45,1,3,"Devaney, Miss. Margaret Delia",female,19,0,0,330958,7.8792,,Q,554
389,0,3,"Sadlier, Mr. Matthew",male,,0,0,367655,7.7292,,Q,202
607,0,3,"Karaic, Mr. Milan",male,30,0,0,349246,7.8958,,S,492
244,0,3,"Maenpaa, Mr. Matti Alexanteri",male,22,0,0,STON/O 2. 3101275,7.125,,S,255
857,1,1,"Wick, Mrs. George Dennick (Mary Hitchcock)",female,45,1,1,36928,164.8667,,S,473
690,1,1,"Madill, Miss. Georgette Alexandra",female,15,0,1,24160,211.3375,B5,S,26
110,1,3,"Moran, Miss. Bertha",female,,1,0,371110,24.15,,Q,578
833,0,3,"Saad, Mr. Amin",male,,0,0,2671,7.2292,,C,22
315,0,2,"Hart, Mr. Benjamin",male,43,1,1,F.C.C. 13529,26.25,,S,457
252,0,3,"Strom, Mrs. Wilhelm (Elna Matilda Persson)",female,29,1,1,347054,10.4625,G6,S,68
725,1,1,"Chambers, Mr. Norman Campbell",male,27,1,0,113806,53.1,E8,S,508
785,0,3,"Ali, Mr. William",male,25,0,0,SOTON/O.Q. 3101312,7.05,,S,518
86,1,3,"Backstrom, Mrs. Karl Alfred (Maria Mathilda Gustafsson)",female,33,3,0,3101278,15.85,,S,682
624,0,3,"Hansen, Mr. Henry Damsgaard",male,21,0,0,350029,7.8542,,S,591
595,0,2,"Chapman, Mr. John Henry",male,37,1,0,SC/AH 29037,26,,S,399
667,0,2,"Butler, Mr. Reginald Fenton",male,25,0,0,234686,13,,S,433
489,0,3,"Somerton, Mr. Francis William",male,30,0,0,A.5. 18509,8.05,,S,596
737,0,3,"Ford, Mrs. Edward (Margaret Ann Watson)",female,48,1,3,W./C. 6608,34.375,,S,188
258,1,1,"Cherry, Miss. Gladys",female,30,0,0,110152,86.5,B77,S,574
407,0,3,"Widegren, Mr. Carl/Charles Peter",male,51,0,0,347064,7.75,,S,646
704,0,3,"Gallagher, Mr. Martin",male,25,0,0,36864,7.7417,,Q,568
142,1,3,"Nysten, Miss. Anna Sofia",female,22,0,0,347081,7.75,,S,251
664,0,3,"Coleff, Mr. Peju",male,36,0,0,349210,7.4958,,S,348
819,0,3,"Holm, Mr. John Fredrik Alexander",male,43,0,0,C 7075,6.45,,S,526
611,0,3,"Andersson, Mrs. Anders Johan (Alfrida Konstantia Brogren)",female,39,1,5,347082,31.275,,S,21
741,1,1,"Hawksford, Mr. Walter James",male,,0,0,16988,30,D45,S,281
212,1,2,"Cameron, Miss. Clear Annie",female,35,0,0,F.C.C. 13528,21,,S,639
133,0,3,"Robins, Mrs. Alexander A (Grace Charity Laury)",female,47,1,0,A/5. 3337,14.5,,S,305
592,1,1,"Stephenson, Mrs. Walter Bertram (Martha Eustis)",female,52,1,0,36947,78.2667,D20,C,66
202,0,3,"Sage, Mr. Frederick",male,,8,2,CA. 2343,69.55,,S,664
121,0,2,"Hickman, Mr. Stanley George",male,21,2,0,S.O.C. 14879,73.5,,S,244
750,0,3,"Connaghton, Mr. Michael",male,31,0,0,335097,7.75,,Q,322
530,0,2,"Hocking, Mr. Richard George",male,23,2,1,29104,11.5,,S,703
586,1,1,"Taussig, Miss. Ruth",female,18,0,2,110413,79.65,E68,S,178
431,1,1,"Bjornstrom-Steffansson, Mr. Mauritz Hakan",male,28,0,0,110564,26.55,C52,S,590
534,1,3,"Peter, Mrs. Catherine (Catherine Rizk)",female,,0,2,2668,22.3583,,C,174
435,0,1,"Silvey, Mr. William Baird",male,50,1,0,13507,55.9,E44,S,216
515,0,3,"Coleff, Mr. Satio",male,24,0,0,349209,7.4958,,S,440
97,0,1,"Goldschmidt, Mr. George B",male,71,0,0,PC 17754,34.6542,A5,C,228
677,0,3,"Sawyer, Mr. Frederick Charles",male,24.5,0,0,342826,8.05,,S,61
418,1,2,"Silven, Miss. Lyyli Karoliina",female,18,0,2,250652,13,,S,429
510,1,3,"Lang, Mr. Fang",male,26,0,0,1601,56.4958,,S,551
229,0,2,"Fahlstrom, Mr. Arne Jonas",male,18,0,0,236171,13,,S,76
234,1,3,"Asplund, Miss. Lillian Gertrud",female,5,4,2,347077,31.3875,,S,455
427,1,2,"Clarke, Mrs. Charles V (Ada Maria Winfield)",female,28,1,0,2003,26,,S,527
504,0,3,"Laitinen, Miss. Kristina Sofia",female,37,0,0,4135,9.5875,,S,651
804,1,3,"Thomas, Master. Assad Alexander",male,0.42,0,1,2625,8.5167,,C,183
582,1,1,"Thayer, Mrs. John Borland (Marian Longstreth Morris)",female,39,1,1,17421,110.8833,C68,C,410
74,0,3,"Chronopoulos, Mr. Apostolos",male,26,1,0,2680,14.4542,,C,398
255,0,3,"Rosblom, Mrs. Viktor (Helena Wilhelmina)",female,41,0,2,370129,20.2125,,S,575
650,1,3,"Stanley, Miss. Amy Zillah Elsie",female,23,0,0,CA. 2314,7.55,,S,400
288,0,3,"Naidenoff, Mr. Penko",male,22,0,0,349206,7.8958,,S,365
336,0,3,"Denkoff, Mr. Mitto",male,,0,0,349225,7.8958,,S,436
655,0,3,"Hegarty, Miss. Hanora """"""""Nora""""""""",female,18,0,0,365226,6.75,,Q,145
309,0,2,"Abelson, Mr. Samuel",male,30,1,0,P/PP 3381,24,,C,458
248,1,2,"Hamalainen, Mrs. William (Anna)",female,24,0,2,250649,14.5,,S,391
627,0,2,"Kirkland, Rev. Charles Leonard",male,57,0,0,219533,12.35,,Q,337
636,1,2,"Davis, Miss. Mary",female,28,0,0,237668,13,,S,338
525,0,3,"Kassem, Mr. Fared",male,,0,0,2700,7.2292,,C,254
280,1,3,"Abbott, Mrs. Stanton (Rosa Hunt)",female,35,1,1,C.A. 2673,20.25,,S,497
842,0,2,"Mudd, Mr. Thomas Charles",male,16,0,0,S.O./P.P. 3,10.5,,S,359
498,0,3,"Shellard, Mr. Frederick William",male,,0,0,C.A. 6212,15.1,,S,421
93,0,1,"Chaffee, Mr. Herbert Fuller",male,46,1,0,W.E.P. 5734,61.175,E31,S,480
539,0,3,"Risien, Mr. Samuel Beard",male,,0,0,364498,14.5,,S,230
591,0,3,"Rintamaki, Mr. Matti",male,35,0,0,STON/O 2. 3101273,7.125,,S,501
699,0,1,"Thayer, Mr. John Borland",male,49,1,1,17421,110.8833,C68,C,595
293,0,2,"Levy, Mr. Rene Jacques",male,36,0,0,SC/Paris 2163,12.875,D,C,224
322,0,3,"Danoff, Mr. Yoto",male,27,0,0,349219,7.8958,,S,210
788,0,3,"Rice, Master. George Hugh",male,8,4,1,382652,29.125,,Q,40
673,0,2,"Mitchell, Mr. Henry Michael",male,70,0,0,C.A. 24580,10.5,,S,62
203,0,3,"Johanson, Mr. Jakob Alfred",male,34,0,0,3101264,6.4958,,S,445
645,1,3,"Baclini, Miss. Eugenie",female,0.75,2,1,2666,19.2583,,C,160
693,1,3,"Lam, Mr. Ali",male,,0,0,1601,56.4958,,S,582
481,0,3,"Goodwin, Master. Harold Victor",male,9,5,2,CA 2144,46.9,,S,351
6,0,3,"Moran, Mr. James",male,,0,0,330877,8.4583,,Q,284
13,0,3,"Saundercock, Mr. William Henry",male,20,0,0,A/5. 2151,8.05,,S,657
780,1,1,"Robert, Mrs. Edward Scott (Elisabeth Walton McMillan)",female,43,0,1,24160,211.3375,B3,S,327
146,0,2,"Nicholls, Mr. Joseph Charles",male,19,1,1,C.A. 33112,36.75,,S,94
761,0,3,"Garfirth, Mr. John",male,,0,0,358585,14.5,,S,431
847,0,3,"Sage, Mr. Douglas Bullen",male,,8,2,CA. 2343,69.55,,S,588
485,1,1,"Bishop, Mr. Dickinson H",male,25,1,0,11967,91.0792,B49,C,395
25,0,3,"Palsson, Miss. Torborg Danira",female,8,3,1,349909,21.075,,S,414
220,0,2,"Harris, Mr. Walter",male,30,0,0,W/C 14208,10.5,,S,537
647,0,3,"Cor, Mr. Liudevit",male,19,0,0,349231,7.8958,,S,584
472,0,3,"Cacic, Mr. Luka",male,38,0,0,315089,8.6625,,S,450
676,0,3,"Edvardsson, Mr. Gustaf Hjalmar",male,18,0,0,349912,7.775,,S,205
372,0,3,"Wiklund, Mr. Jakob Alfred",male,18,1,0,3101267,6.4958,,S,323
516,0,1,"Walker, Mr. William Anderson",male,47,0,0,36967,34.0208,D46,S,342
145,0,2,"Andrew, Mr. Edgardo Samuel",male,18,0,0,231945,11.5,,S,253
215,0,3,"Kiernan, Mr. Philip",male,,1,0,367229,7.75,,Q,375
465,0,3,"Maisner, Mr. Simon",male,,0,0,A/S 2816,8.05,,S,73
508,1,1,"Bradley, Mr. George (""""""""George Arthur Brayton"""""""")",male,,0,0,111427,26.55,,S,346
409,0,3,"Birkeland, Mr. Hans Martin Monsen",male,21,0,0,312992,7.775,,S,599
706,0,2,"Morley, Mr. Henry Samuel (""""""""Mr Henry Marshall"""""""")",male,39,0,0,250655,26,,S,138
687,0,3,"Panula, Mr. Jaako Arnold",male,14,4,1,3101295,39.6875,,S,442
178,0,1,"Isham, Miss. Ann Elizabeth",female,50,0,0,PC 17595,28.7125,C49,C,184
450,1,1,"Peuchen, Major. Arthur Godfrey",male,52,0,0,113786,30.5,C104,S,307
731,1,1,"Allen, Miss. Elisabeth Walton",female,29,0,0,24160,211.3375,B5,S,172
99,1,2,"Doling, Mrs. John T (Ada Julia Bone)",female,34,0,1,231919,23,,S,101
507,1,2,"Quick, Mrs. Frederick Charles (Jane Richards)",female,33,0,2,26360,26,,S,129
506,0,1,"Penasco y Castellana, Mr. Victor de Satode",male,18,1,0,PC 17758,108.9,C65,C,63
223,0,3,"Green, Mr. George Henry",male,51,0,0,21440,8.05,,S,274
224,0,3,"Nenkoff, Mr. Christo",male,,0,0,349234,7.8958,,S,283
353,0,3,"Elias, Mr. Tannous",male,15,1,1,2695,7.2292,,C,349
682,1,1,"Hassab, Mr. Hammad",male,27,0,0,PC 17572,76.7292,D49,C,117
528,0,1,"Farthing, Mr. John",male,,0,0,PC 17483,221.7792,C95,S,209
311,1,1,"Hays, Miss. Margaret Bechstein",female,24,0,0,11767,83.1583,C54,C,597
414,0,2,"Cunningham, Mr. Alfred Fleming",male,,0,0,239853,0,,S,690
442,0,3,"Hampe, Mr. Leon",male,20,0,0,345769,9.5,,S,394
742,0,1,"Cavendish, Mr. Tyrell William",male,36,1,0,19877,78.85,C46,S,356
199,1,3,"Madigan, Miss. Margaret """"""""Maggie""""""""",female,,0,0,370370,7.75,,Q,553
781,1,3,"Ayoub, Miss. Banoura",female,13,0,0,2687,7.2292,,C,633
832,1,2,"Richards, Master. George Sibley",male,0.83,1,1,29106,18.75,,S,441
608,1,1,"Daniel, Mr. Robert Williams",male,27,0,0,113804,30.5,,S,360
200,0,2,"Yrois, Miss. Henriette (""""""""Mrs Harbeck"""""""")",female,24,0,0,248747,13,,S,125
500,0,3,"Svensson, Mr. Olof",male,24,0,0,350035,7.7958,,S,647
156,0,1,"Williams, Mr. Charles Duane",male,51,0,1,PC 17597,61.3792,,C,204
167,1,1,"Chibnall, Mrs. (Edith Martha Bowerman)",female,,0,1,113505,55,E33,S,187
257,1,1,"Thorne, Mrs. Gertrude Maybelle",female,,0,0,PC 17585,79.2,,C,697
713,1,1,"Taylor, Mr. Elmer Zebley",male,48,1,0,19996,52,C126,S,247
369,1,3,"Jermyn, Miss. Annie",female,,0,0,14313,7.75,,Q,577
79,1,2,"Caldwell, Master. Alden Gates",male,0.83,0,2,248738,29,,S,640
859,1,3,"Baclini, Mrs. Solomon (Latifa Qurban)",female,24,0,3,2666,19.2583,,C,689
457,0,1,"Millet, Mr. Francis Davis",male,65,0,0,13509,26.55,E38,S,422
118,0,2,"Turpin, Mr. William John Robert",male,29,1,0,11668,21,,S,314
108,1,3,"Moss, Mr. Albert Johan",male,,0,0,312991,7.775,,S,122
686,0,2,"Laroche, Mr. Joseph Philippe Lemercier",male,25,1,2,SC/Paris 2123,41.5792,,C,259
772,0,3,"Jensen, Mr. Niels Peder",male,48,0,0,350047,7.8542,,S,326
337,0,1,"Pears, Mr. Thomas Clinton",male,29,1,0,113776,66.6,C2,S,28
41,0,3,"Ahlin, Mrs. Johan (Johanna Persdotter Larsson)",female,40,1,0,7546,9.475,,S,403
679,0,3,"Goodwin, Mrs. Frederick (Augusta Tyler)",female,43,1,6,CA 2144,46.9,,S,350
15,0,3,"Vestrom, Miss. Hulda Amanda Adolfina",female,14,0,0,350406,7.8542,,S,90
672,0,1,"Davidson, Mr. Thornton",male,31,1,0,F.C. 12750,52,B71,S,75
209,1,3,"Carr, Miss. Helen """"""""Ellen""""""""",female,16,0,0,367231,7.75,,Q,232
578,1,1,"Silvey, Mrs. William Baird (Alice Munger)",female,39,1,0,13507,55.9,E44,S,580
66,1,3,"Moubarek, Master. Gerios",male,,1,1,2661,15.2458,,C,300
104,0,3,"Johansson, Mr. Gustaf Joel",male,33,0,0,7540,8.6542,,S,465
254,0,3,"Lobb, Mr. William Arthur",male,30,1,0,A/5. 3336,16.1,,S,185
542,0,3,"Andersson, Miss. Ingeborg Constanzia",female,9,4,2,347082,31.275,,S,182
319,1,1,"Wick, Miss. Mary Natalie",female,31,0,2,36928,164.8667,C7,S,612
744,0,3,"McNamee, Mr. Neal",male,24,1,0,376566,16.1,,S,462
815,0,3,"Tomlin, Mr. Ernest Portage",male,30.5,0,0,364499,8.05,,S,649
812,0,3,"Lester, Mr. James",male,39,0,0,A/4 48871,24.15,,S,110
625,0,3,"Bowen, Mr. David John """"""""Dai""""""""",male,21,0,0,54636,16.1,,S,198
402,0,3,"Adams, Mr. John",male,26,0,0,341826,8.05,,S,562
850,1,1,"Goldenberg, Mrs. Samuel L (Edwiga Grabowska)",female,,1,0,17453,89.1042,C92,C,263
361,0,3,"Skoog, Mr. Wilhelm",male,40,1,4,347088,27.9,,S,137
236,0,3,"Harknett, Miss. Alice Phoebe",female,,0,0,W./C. 6609,7.55,,S,617
240,0,2,"Hunt, Mr. George Henry",male,33,0,0,SCO/W 1585,12.275,,S,556
853,0,3,"Boulos, Miss. Nourelain",female,9,1,1,2678,15.2458,,C,339
583,0,2,"Downton, Mr. William James",male,54,0,0,28403,26,,S,613
184,1,2,"Becker, Master. Richard F",male,1,2,1,230136,39,F4,S,78
94,0,3,"Dean, Mr. Bertram Frank",male,26,1,2,C.A. 2315,20.575,,S,622
23,1,3,"McGowan, Miss. Anna """"""""Annie""""""""",female,15,0,0,330923,8.0292,,Q,571
165,0,3,"Panula, Master. Eino Viljami",male,1,4,1,3101295,39.6875,,S,519
638,0,2,"Collyer, Mr. Harvey",male,31,1,1,C.A. 31921,26.25,,S,692
532,0,3,"Toufik, Mr. Nakli",male,,0,0,2641,7.2292,,C,294
765,0,3,"Eklund, Mr. Hans Linus",male,16,0,0,347074,7.775,,S,345
71,0,2,"Jenkin, Mr. Stephen Curnow",male,32,0,0,C.A. 33111,10.5,,S,130
29,1,3,"O'Dwyer, Miss. Ellen """"""""Nellie""""""""",female,,0,0,330959,7.8792,,Q,536
82,1,3,"Sheerlinck, Mr. Jan Baptist",male,29,0,0,345779,9.5,,S,691
473,1,2,"West, Mrs. Edwy Arthur (Ada Mary Worth)",female,33,1,2,C.A. 34651,27.75,,S,416
155,0,3,"Olsen, Mr. Ole Martin",male,,0,0,Fa 265302,7.3125,,S,673
436,1,1,"Carter, Miss. Lucile Polk",female,14,1,2,113760,120,B96 B98,S,361
869,0,3,"van Melkebeke, Mr. Philemon",male,,0,0,345777,9.5,,S,627
190,0,3,"Turcin, Mr. Stjepan",male,36,0,0,349247,7.8958,,S,290
348,1,3,"Davison, Mrs. Thomas Henry (Mary E Finck)",female,,1,0,386525,16.1,,S,430
622,1,1,"Kimball, Mr. Edwin Nelson Jr",male,42,1,0,11753,52.5542,D19,S,406
373,0,3,"Beavan, Mr. William Thomas",male,19,0,0,323951,8.05,,S,367
565,0,3,"Meanwell, Miss. (Marion Ogden)",female,,0,0,SOTON/O.Q. 392087,8.05,,S,523
228,0,3,"Lovell, Mr. John Hall (""""""""Henry"""""""")",male,20.5,0,0,A/5 21173,7.25,,S,702
767,0,1,"Brewe, Dr. Arthur Jackson",male,,0,0,112379,39.6,,C,558
262,1,3,"Asplund, Master. Edvin Rojj Felix",male,3,4,2,347077,31.3875,,S,693
874,0,3,"Vander Cruyssen, Mr. Victor",male,47,0,0,345765,9,,S,382
488,0,1,"Kent, Mr. Edward Austin",male,58,0,0,11771,29.7,B37,C,600
32,1,1,"Spencer, Mrs. William Augustus (Marie Eugenie)",female,,1,0,PC 17569,146.5208,B78,C,112
287,1,3,"de Mulder, Mr. Theodore",male,30,0,0,345774,9.5,,S,704
610,1,1,"Shutes, Miss. Elizabeth W",female,40,0,0,PC 17582,153.4625,C125,S,632
861,0,3,"Hansen, Mr. Claus Peter",male,41,2,0,350026,14.1083,,S,52
335,1,1,"Frauenthal, Mrs. Henry William (Clara Heinsheimer)",female,,1,0,PC 17611,133.65,,S,45
757,0,3,"Carlsson, Mr. August Sigfrid",male,28,0,0,350042,7.7958,,S,567
166,1,3,"Goldsmith, Master. Frank John William """"""""Frankie""""""""",male,9,0,2,363291,20.525,,S,241
53,1,1,"Harper, Mrs. Henry Sleeper (Myna Haxtun)",female,49,1,0,PC 17572,76.7292,D33,C,634
56,1,1,"Woolner, Mr. Hugh",male,,0,0,19947,35.5,C52,S,335
122,0,3,"Moore, Mr. Leonard Charles",male,,0,0,A4. 54510,8.05,,S,248
726,0,3,"Oreskovic, Mr. Luka",male,20,0,0,315094,8.6625,,S,166
125,0,1,"White, Mr. Percival Wayland",male,54,0,1,35281,77.2875,D26,S,146
273,1,2,"Mellinger, Mrs. (Elizabeth Anne Maidment)",female,41,0,1,250644,19.5,,S,443
501,0,3,"Calic, Mr. Petar",male,17,0,0,315086,8.6625,,S,629
271,0,1,"Cairns, Mr. Alexander",male,,0,0,113798,31,,S,506
814,0,3,"Andersson, Miss. Ebba Iris Alfrida",female,6,4,2,347082,31.275,,S,688
778,1,3,"Emanuel, Miss. Virginia Ethel",female,5,0,0,364516,12.475,,S,626
456,1,3,"Jalsevac, Mr. Ivan",male,29,0,0,349240,7.8958,,C,461
561,0,3,"Morrow, Mr. Thomas Rowan",male,,0,0,372622,7.75,,Q,707
330,1,1,"Hippach, Miss. Jean Gertrude",female,16,0,1,111361,57.9792,B18,C,222
787,1,3,"Sjoblom, Miss. Anna Sofia",female,18,0,0,3101265,7.4958,,S,158
75,1,3,"Bing, Mr. Lee",male,32,0,0,1601,56.4958,,S,155
569,0,3,"Doharr, Mr. Tannous",male,,0,0,2686,7.2292,,C,30
170,0,3,"Ling, Mr. Lee",male,28,0,0,1601,56.4958,,S,33
560,1,3,"de Messemaeker, Mrs. Guillaume Joseph (Emma)",female,36,1,0,345572,17.4,,S,212
439,0,1,"Fortune, Mr. Mark",male,64,1,4,19950,263,C23 C25 C27,S,331
137,1,1,"Newsom, Miss. Helen Monypeny",female,19,0,2,11752,26.2833,D47,S,261
356,0,3,"Vanden Steen, Mr. Leo Peter",male,28,0,0,345783,9.5,,S,615
718,1,2,"Troutt, Miss. Edwina Celia """"""""Winnie""""""""",female,27,0,0,34218,10.5,E101,S,17
461,1,1,"Anderson, Mr. Harry",male,48,0,0,19952,26.55,E12,S,447
763,1,3,"Barah, Mr. Hanna Assi",male,20,0,0,2663,7.2292,,C,708
845,0,3,"Culumovic, Mr. Jeso",male,17,0,0,315090,8.6625,,S,123
175,0,1,"Smith, Mr. James Clinch",male,56,0,0,17764,30.6958,A7,C,233
723,0,2,"Gillespie, Mr. William Henry",male,34,0,0,12233,13,,S,344
716,0,3,"Soholt, Mr. Peter Andreas Lauritz Andersen",male,19,0,0,348124,7.65,F G73,S,710
43,0,3,"Kraeff, Mr. Theodor",male,,0,0,349253,7.8958,,C,549
151,0,2,"Bateman, Rev. Robert James",male,51,0,0,S.O.P. 1166,12.525,,S,191
820,0,3,"Skoog, Master. Karl Thorsten",male,10,3,2,347088,27.9,,S,680
391,1,1,"Carter, Mr. William Ernest",male,36,1,2,113760,120,B96 B98,S,453
343,0,2,"Collander, Mr. Erik Gustaf",male,28,0,0,248740,13,,S,319
589,0,3,"Gilinski, Mr. Eliezer",male,22,0,0,14973,8.05,,S,621
891,0,3,"Dooley, Mr. Patrick",male,32,0,0,370376,7.75,,Q,674
349,1,3,"Coutts, Master. William Loch """"""""William""""""""",male,3,1,1,C.A. 37671,15.9,,S,372
779,0,3,"Kilgannon, Mr. Thomas J",male,,0,0,36865,7.7375,,Q,80
312,1,1,"Ryerson, Miss. Emily Borie",female,18,2,2,PC 17608,262.375,B57 B59 B63 B66,C,603
798,1,3,"Osman, Mrs. Mara",female,31,0,0,349244,8.6833,,S,231
161,0,3,"Cribb, Mr. John Hatfield",male,44,0,1,371362,16.1,,S,418
732,0,3,"Hassan, Mr. Houssein G N",male,11,0,0,2699,18.7875,,C,92
806,0,3,"Johansson, Mr. Karl Johan",male,31,0,0,347063,7.775,,S,624
249,1,1,"Beckwith, Mr. Richard Leonard",male,37,1,1,11751,52.5542,D35,S,663
844,0,3,"Lemberopolous, Mr. Peter L",male,34.5,0,0,2683,6.4375,,C,368
451,0,2,"West, Mr. Edwy Arthur",male,36,1,2,C.A. 34651,27.75,,S,685
606,0,3,"Lindell, Mr. Edvard Bengtsson",male,36,1,0,349910,15.55,,S,109
471,0,3,"Keefe, Mr. Arthur",male,,0,0,323592,7.25,,S,681
642,1,1,"Sagesser, Mlle. Emma",female,24,0,0,PC 17477,69.3,B35,C,620
233,0,2,"Sjostedt, Mr. Ernst Adolf",male,59,0,0,237442,13.5,,S,291
434,0,3,"Kallio, Mr. Nikolai Erland",male,17,0,0,STON/O 2. 3101274,7.125,,S,316
316,1,3,"Nilsson, Miss. Helmina Josefina",female,26,0,0,347470,7.8542,,S,607
505,1,1,"Maioni, Miss. Roberta",female,16,0,0,110152,86.5,B79,S,162
347,1,2,"Smith, Miss. Marion Elsie",female,40,0,0,31418,13,,S,386
159,0,3,"Smiljanic, Mr. Mile",male,,0,0,315037,8.6625,,S,301
559,1,1,"Taussig, Mrs. Emil (Tillie Mandelbaum)",female,39,1,1,110413,79.65,E67,S,604
866,1,2,"Bystrom, Mrs. (Karolina)",female,42,0,0,236852,13,,S,74
877,0,3,"Gustafsson, Mr. Alfred Ossian",male,20,0,0,7534,9.8458,,S,408
482,0,2,"Frost, Mr. Anthony Wood """"""""Archie""""""""",male,,0,0,239854,0,,S,10
593,0,3,"Elsbury, Mr. William James",male,47,0,0,A/5 3902,7.25,,S,292
360,1,3,"Mockler, Miss. Helen Mary """"""""Ellie""""""""",female,,0,0,330980,7.8792,,Q,19
303,0,3,"Johnson, Mr. William Cahoone Jr",male,19,0,0,LINE,0,,S,276
631,1,1,"Barkworth, Mr. Algernon Henry Wilson",male,80,0,0,27042,30,A23,S,3
410,0,3,"Lefebre, Miss. Ida",female,,3,1,4133,25.4667,,S,669
114,0,3,"Jussila, Miss. Katriina",female,20,1,0,4136,9.825,,S,362
792,0,2,"Gaskell, Mr. Alfred",male,16,0,0,239865,26,,S,555
263,0,1,"Taussig, Mr. Emil",male,52,1,1,110413,79.65,E67,S,494
350,0,3,"Dimic, Mr. Jovan",male,42,0,0,315088,8.6625,,S,147
657,0,3,"Radeff, Mr. Alexander",male,,0,0,349223,7.8958,,S,684
